episode,reward,avg_reward,epsilon,duration
1,-224.14679412767282,-224.14679412767282,0.995,0.18723511695861816
2,-403.7992968916892,-313.973045509681,0.990025,0.1656970977783203
3,-138982.10382775814,-46536.68330625917,0.985074875,4.890993356704712
4,-277.5304317124187,-34971.895087622484,0.9801495006250001,0.22437071800231934
5,-143990.47029801382,-56775.610129700755,0.9752487531218751,4.863784313201904
6,-1849.4950832262634,-47621.257621955,0.9703725093562657,0.21236848831176758
7,-366.10131991505614,-40870.521007377865,0.9655206468094844,0.1623070240020752
8,-558.336576307565,-35831.49795349408,0.960693043575437,0.27668237686157227
9,-540.6085111632942,-31910.28801545732,0.9558895783575597,0.2453455924987793
10,-127218.00330433846,-41441.05954434544,0.9511101304657719,4.856638669967651
11,-699.561397331953,-37737.28698552603,0.946354579813443,0.2408456802368164
12,-371.6684761524202,-34623.48544307822,0.9416228069143757,0.14979791641235352
13,-472.8683239437639,-31996.514895452496,0.9369146928798039,0.2239069938659668
14,-811.9466608382763,-29769.045735837193,0.9322301194154049,0.2973504066467285
15,-648.7633752658962,-27827.693578465773,0.9275689688183278,0.18167662620544434
16,-635.5940727397799,-26128.187359357904,0.9229311239742362,0.24750185012817383
17,-99.37384001016608,-24597.080681749212,0.918316468354365,0.20741653442382812
18,-1123.5515324234962,-23292.995729008893,0.9137248860125932,0.14531707763671875
19,-150.6332756638526,-22074.97665251705,0.9091562615825302,0.2002558708190918
20,-1131.6386951312425,-21027.80975464776,0.9046104802746175,0.1860513687133789
21,-130170.8203090787,-26225.09597152542,0.9000874278732445,4.885326623916626
22,-442.0909027591347,-25053.141195672404,0.8955869907338783,0.21980500221252441
23,-330.9458352200686,-23978.263136522302,0.8911090557802088,0.42883944511413574
24,-342.79139732420435,-22993.451814055723,0.8866535105013078,0.22910332679748535
25,-443.91394113227716,-22091.470299138786,0.8822202429488013,0.3761777877807617
26,-483.8186299785971,-21260.406773401854,0.8778091417340573,0.1988673210144043
27,-135289.64363841937,-25483.711842476576,0.8734200960253871,5.018505096435547
28,-504.21904309391994,-24591.58709964148,0.8690529955452602,0.22132301330566406
29,-944.6618148632347,-23776.175882924992,0.8647077305675338,0.3929414749145508
30,-763.669671653211,-23009.092342549262,0.8603841919146962,0.3074305057525635
31,-123719.32381116823,-26257.80948669826,0.8560822709551227,4.968571901321411
32,-117873.36419604943,-29120.795571365485,0.851801859600347,5.03434419631958
33,-254.27468775436273,-28246.05251428636,0.8475428503023453,0.25504612922668457
34,-240.11152464002373,-27422.348367532053,0.8433051360508336,0.21501493453979492
35,-489.71929997131224,-26652.844679887465,0.8390886103705794,0.2852623462677002
36,-742.2898435279726,-25933.107045544144,0.8348931673187264,0.24372076988220215
37,-132121.60502670557,-28803.0664504404,0.8307187014821328,5.034211158752441
38,-687.7148787371814,-28063.188777500844,0.8265651079747222,0.2668139934539795
39,-1065.8033700123428,-27370.948126026782,0.8224322824348486,0.21360278129577637
40,-673.7605342552065,-26703.518436232487,0.8183201210226743,0.3694651126861572
41,-194.32689735889437,-26056.95278894289,0.8142285204175609,0.4534878730773926
42,-118788.34629372433,-28264.843110485308,0.810157377815473,5.015132904052734
43,-326.00445240586987,-27615.102676576484,0.8061065909263957,0.2614858150482178
44,-254.47112007290116,-26993.270141201407,0.8020760579717637,0.19172215461730957
45,-413.61580477505913,-26402.61115594749,0.798065677681905,0.2768216133117676
46,-144450.4545275405,-28968.86862054734,0.7940753492934954,5.055750370025635
47,-106729.35146240742,-30623.34697888479,0.7901049725470279,5.137691020965576
48,-1367.8066805064677,-30013.856556001894,0.7861544476842928,0.41838788986206055
49,-595.3274769879877,-29413.478411532225,0.7822236754458713,0.18832635879516602
50,-356.85670361965913,-28832.345977373974,0.778312557068642,0.2927742004394531
51,-418.3905435226857,-28275.20959631807,0.7744209942832988,0.5320706367492676
52,-322.33461920022955,-27737.654308296573,0.7705488893118823,0.21922659873962402
53,-428.7661414131521,-27222.392267411982,0.7666961448653229,0.2736170291900635
54,-109737.2835169159,-28750.445809069464,0.7628626641409962,5.24224591255188
55,-638.5105371274054,-28239.319713215973,0.7590483508202912,0.28773951530456543
56,-315.9909290879964,-27740.68884207082,0.7552531090661897,0.3321833610534668
57,-162.58842599615457,-27256.862518981794,0.7514768435208588,0.30511999130249023
58,-47.126696592569374,-26787.729142733704,0.7477194593032545,0.3175692558288574
59,-192.22137119472018,-26336.95782457203,0.7439808620067382,0.2892177104949951
60,-550.1152236297726,-25907.177114556325,0.7402609576967045,0.32987165451049805
61,-314.5766504094004,-25487.62628727523,0.736559652908221,0.274350643157959
62,-218.2683234497904,-25080.055997536114,0.7328768546436799,0.35065674781799316
63,-871.9705538585781,-24695.800673033296,0.7292124703704616,0.36808252334594727
64,-422.70259116441014,-24316.53351550408,0.7255664080186093,0.4193854331970215
65,-256.50223691985013,-23946.379188141247,0.7219385759785162,0.395918607711792
66,-414.679853580147,-23589.83828913275,0.7183288830986236,0.6812083721160889
67,-83779.10692392886,-24488.185582189406,0.7147372386831305,5.17087459564209
68,-923.339726409316,-24141.643731369113,0.7111635524897149,0.4335761070251465
69,-96861.40174587668,-25195.553267811254,0.7076077347272662,5.166447401046753
70,-78312.21095270143,-25954.362663309686,0.7040696960536299,5.188853025436401
71,-396.1170168429612,-25594.387372514382,0.7005493475733617,0.3082585334777832
72,-105663.59146476389,-26706.459651573397,0.697046600835495,5.289461374282837
73,-162.00931027457113,-26342.837044158343,0.6935613678313175,0.21504926681518555
74,-500.3106566615402,-25993.613714597577,0.6900935609921609,0.4221978187561035
75,-777.3557117417454,-25657.39694122617,0.6866430931872001,0.26268839836120605
76,-564.5030472822486,-25327.22728472691,0.6832098777212641,0.2043898105621338
77,-176.6594367608427,-25000.596533454624,0.6797938283326578,0.36503100395202637
78,-98357.8660338767,-25941.074347562597,0.6763948591909945,5.2643516063690186
79,-171.31855196729305,-25614.874907112026,0.6730128848950395,0.6625802516937256
80,-613.7927971169352,-25302.36138073708,0.6696478204705644,0.3392975330352783
81,-395.3056498602032,-24994.866865541066,0.6662995813682115,0.4583556652069092
82,-635.455538405478,-24697.80087374673,0.6629680834613705,0.5007953643798828
83,-67.0493978135288,-24401.04483186802,0.6596532430440636,0.3151118755340576
84,-65646.01774585099,-24892.056414177343,0.6563549768288433,5.103392124176025
85,-453.68953363075855,-24604.54621558268,0.653073201944699,0.5075163841247559
86,-520.2099553480743,-24324.495793952043,0.6498078359349755,0.32731175422668457
87,-101957.80489819721,-25216.832680207735,0.6465587967553006,5.099782705307007
88,-767.5283679537474,-24938.999676659387,0.6433260027715241,0.2487032413482666
89,-165.83593973368409,-24660.649522311905,0.6401093727576664,0.5519149303436279
90,-414.5776991456747,-24391.248724276727,0.6369088258938781,0.4958815574645996
91,-1498.7698363125323,-24139.68302221119,0.6337242817644086,0.34801197052001953
92,-295.48680437207213,-23880.50697636511,0.6305556603555866,0.17438340187072754
93,-287.2450196057557,-23626.815987582755,0.6274028820538087,0.17911338806152344
94,-595.9808570876717,-23381.807103215786,0.6242658676435396,0.19372820854187012
95,-292.7172321140765,-23138.76405194103,0.6211445383053219,0.4795999526977539
96,-61.91227082759144,-22898.380179221098,0.6180388156137953,0.6037135124206543
97,-239.64704435169688,-22664.78499226368,0.6149486215357263,0.27974939346313477
98,-149.64560576006772,-22435.038671993236,0.6118738784280476,0.3668358325958252
99,-533.3105496861041,-22213.809095000237,0.6088145090359074,0.44919657707214355
100,-736.0229275882243,-21999.031233326117,0.6057704364907278,0.1977863311767578
101,-103.02633532732727,-21997.820028738115,0.6027415843082742,0.596991777420044
102,-419.70650439932933,-21997.979100813187,0.5997278763867329,0.3824319839477539
103,-198.56617794036868,-20610.143724315014,0.5967292370047992,0.3873465061187744
104,-173.83244114220145,-20609.10674440931,0.5937455908197752,0.4444127082824707
105,-337.05384808257224,-19172.57257991,0.5907768628656763,0.8580396175384521
106,-68955.79957069308,-19843.635624784667,0.5878229785513479,5.096877813339233
107,-162.07267827391627,-19841.595338368254,0.5848838636585911,0.4318668842315674
108,-205.32158966213467,-19838.065188501798,0.5819594443402982,1.0966079235076904
109,-70582.61648591832,-20538.485268249347,0.5790496471185967,5.104363679885864
110,-53255.584940696506,-19798.86108461293,0.5761543988830038,5.071039199829102
111,-66280.18948456497,-20454.667365485264,0.5732736268885887,5.0440380573272705
112,-242.28486193567517,-20453.373529343095,0.5704072587541458,0.7775368690490723
113,-631.8163842692971,-20454.96300994635,0.567555222460375,1.5781371593475342
114,-27002.1990781039,-20716.865534119006,0.5647174463480732,5.020413398742676
115,-64397.5373281002,-21354.35327364735,0.5618938591163328,5.026671648025513
116,-552.4303558081389,-21353.52163647803,0.5590843898207511,2.2569425106048584
117,-46239.42855622284,-21814.922183640156,0.5562889678716474,5.035617351531982
118,-251.10477323122325,-21806.197716048235,0.5535075230322891,1.5170626640319824
119,592.5021276153624,-21798.76636201544,0.5507399854171277,1.3772003650665283
120,-281.2914071775973,-21790.26288913591,0.547986285490042,0.47179627418518066
121,-401.39066609293224,-20492.56859270605,0.5452463540625918,1.4142045974731445
122,-333.49512190409007,-20491.4826348975,0.5425201222922789,1.6526691913604736
123,-197.54737281724812,-20490.14865027347,0.5398075216808175,1.077204704284668
124,-2058.833962035552,-20507.309075920584,0.5371084840724134,5.056263446807861
125,-478.34821843579414,-20507.653418693622,0.5344229416520513,1.050236463546753
126,-236.60509184226393,-20505.181283312257,0.531750826943791,1.2181179523468018
127,-199.23508174195885,-19154.277197745483,0.5290920728090721,0.7400083541870117
128,-277.43741594925524,-19152.00938147404,0.5264466124450268,1.1949284076690674
129,-210.95312015376987,-19144.67229452694,0.5238143793828016,0.7810256481170654
130,-485.3792157009244,-19141.88938996742,0.5211953074858876,0.6362886428833008
131,-363.5833348989487,-17908.331985204728,0.5185893309484582,1.0014400482177734
132,-222.23754382357004,-16731.82071868247,0.5159963842937159,1.3238232135772705
133,-316.31477619931104,-16732.44111956692,0.5134164023722473,1.4547855854034424
134,-270.44925725311043,-16732.74449689305,0.510849320360386,0.701214075088501
135,-136.10591269880535,-16729.208363020323,0.5082950737585841,0.5655410289764404
136,-159.27192418500783,-16723.378183826895,0.5057535983897912,0.7525079250335693
137,-255.15602861195802,-15404.713693845957,0.5032248303978422,1.399390697479248
138,-84.47028894200923,-15398.681247948007,0.500708706245853,0.36693692207336426
139,-99.66640259549024,-15389.019878273839,0.4982051627146237,0.4172835350036621
140,-244.95361818484963,-15384.731809113135,0.49571413690105054,5.079616546630859
141,-547.8523642554879,-15388.267063782101,0.4932355662165453,2.13655161857605
142,-2080.1655769258737,-14221.185256614115,0.4907693883854626,5.02385950088501
143,-243.96955900024625,-14220.364907680058,0.4883155414435353,3.496595621109009
144,-280.6899458564818,-14220.627095937896,0.4858739637363176,1.3003852367401123
145,-239.1108550924808,-14218.882046441071,0.483444593917636,1.3761084079742432
146,-255.31399287208916,-12776.930641094383,0.4810273709480478,2.4588027000427246
147,-279.27112763226035,-11712.429837746635,0.47862223409330756,0.7518136501312256
148,-178.0423281401396,-11700.532194222971,0.47622912292284103,4.39367151260376
149,-427.3526769720018,-11698.85244622281,0.4738479773082268,3.712737560272217
150,-10836.410172410682,-11803.647980910719,0.47147873742168567,5.044801235198975
151,-1394.3982613909989,-11813.408058089404,0.46912134373457726,4.986209392547607
152,-272.2579787358642,-11812.90729168476,0.46677573701590436,4.998065948486328
153,-535.017449798435,-11813.969804768614,0.46444185833082485,4.997154951095581
154,-712.0482909075915,-10723.717452508532,0.46211964903917074,5.105273723602295
155,-426.90858396999533,-10721.601432976959,0.4598090507939749,5.0623250007629395
156,-297.1892777524888,-10721.413416463602,0.457510005540005,5.035228252410889
157,-190.36301372125746,-10721.691162340856,0.45522245551230495,0.568382740020752
158,-624.729342449829,-10727.467188799426,0.4529463432347434,5.022994041442871
159,797.6093327641487,-10717.568881759838,0.4506816115185697,0.3984987735748291
160,-521.9671467658133,-10717.287400991198,0.4484282034609769,5.0314600467681885
161,-394.40350108910354,-10718.085669497996,0.446186062443672,5.006483793258667
162,-323.09174690619113,-10719.13390373256,0.4439551321314536,5.025616407394409
163,-1064.1703210122882,-10721.055901404097,0.4417353564707963,5.041625022888184
164,777.4145955786109,-10709.054729536667,0.43952667968844233,0.42211008071899414
165,-471.70631855670365,-10711.206770353036,0.43732904629000013,5.025520324707031
166,-41224.12901116572,-11119.301261928891,0.4351424010585501,5.026799201965332
167,-1573.6140705145895,-10297.246333394745,0.43296668905325736,5.064558267593384
168,-330.1577403381467,-10291.314513534033,0.43080185560799106,1.4989135265350342
169,-854.4497375592589,-9331.244993450859,0.4286478463299511,5.097198247909546
170,-402.8276512393728,-8552.151160436239,0.42650460709830135,2.9900810718536377
171,-519.8932056579739,-8553.38892232439,0.42437208406280985,3.1828243732452393
172,-333.5336460111663,-7500.0883441368605,0.4222502236424958,5.05478048324585
173,-11.12944426778705,-7498.579545476794,0.42013897252428334,5.0423502922058105
174,764.2344553858042,-7485.93409435632,0.4180382776616619,0.4656400680541992
175,-276.74947866350414,-7480.928032025538,0.4159480862733536,5.049854516983032
176,-135.29155765324833,-7476.635917129248,0.41386834584198684,0.6912944316864014
177,-184.02525343783202,-7476.709575296018,0.4117990041127769,4.777061939239502
178,-135.1424143597484,-6494.482339100849,0.40974000909221303,5.022802352905273
179,-271.5755644127727,-6495.484909225302,0.40769130904675194,0.7854413986206055
180,-321.1591330267489,-6492.5585725844,0.40565285250151817,0.8912560939788818
181,-349.48492864444853,-6492.100365372243,0.4036245882390106,0.853971004486084
182,-173.45616984218358,-6487.48037168661,0.4016064652978155,1.0391440391540527
183,-301.61746760308745,-6489.826052384506,0.3995984329713264,0.9531407356262207
184,-293.24701338112357,-5836.298345059806,0.3976004408064698,1.6039092540740967
185,-453.33958386555315,-5836.2948455621545,0.39561243860243744,1.207688331604004
186,-148.11799722090365,-5832.573925980882,0.3936343764094253,0.673774003982544
187,-310.40773935467007,-4816.099954392456,0.39166620452737816,1.1392385959625244
188,-388.86116168871524,-4812.3132823298065,0.3897078735047413,0.824164628982544
189,-312.9521426804364,-4813.784444359273,0.3877593341372176,0.5520036220550537
190,-102.94586416184902,-4810.668126009435,0.3858205374665315,0.5556721687316895
191,-174.19201745018364,-4797.422347820811,0.38389143477919885,0.7749466896057129
192,-205.10073721632364,-4796.518487149255,0.3819719776053028,0.6588857173919678
193,-155.15467471107843,-4795.197583700308,0.3800621177172763,0.6197295188903809
194,-131.4252448029816,-4790.552027577461,0.37816180712868996,0.8504724502563477
195,-229.053185428679,-4789.915387110607,0.37627099809304654,0.8663146495819092
196,-301.21725085601213,-4792.308436910891,0.3743896431025813,0.8726668357849121
197,-116.91590841040016,-4791.081125551478,0.37251769488706843,1.0138978958129883
198,-310.8229001745582,-4792.692898495623,0.3706551064126331,1.4807729721069336
199,-175.41236750259995,-4789.1139166737885,0.36880183088056995,0.8938605785369873
200,-271.69756041392685,-4784.4706630020455,0.3669578217261671,1.1728055477142334
201,691.546173492074,-4776.524937913851,0.36512303261753626,0.8931055068969727
202,747.911541813612,-4764.848757451721,0.3632974174544486,0.5013759136199951
203,-235.24864668622612,-4765.215582139181,0.3614809303671764,0.7307729721069336
204,728.2195052966475,-4756.195062674792,0.3596735257153405,0.7698032855987549
205,619.337763272971,-4746.631146561237,0.3578751580867638,1.3103983402252197
206,794.1297103106975,-4049.131853751198,0.35608578229633,0.4408376216888428
207,217.66230343356727,-4045.3345039341234,0.3543053533848483,3.501264810562134
208,-387.211611199379,-4047.1534041494965,0.35253382661792404,0.6860702037811279
209,552.7062082827091,-3335.8001772074854,0.3507711574848344,1.3178575038909912
210,-106.8326629318297,-2804.3126544298384,0.34901730169741024,0.6964452266693115
211,-156.9070994131267,-2143.07983057832,0.3472722151889232,0.5163469314575195
212,-198.40899729281665,-2142.641071931891,0.3455358541129786,0.6494448184967041
213,810.183030718565,-2128.221077782013,0.3438081748424137,0.2649807929992676
214,714.9029685609042,-1851.050057315365,0.3420891339682016,0.6654219627380371
215,695.3759385176003,-1200.1209246491867,0.3403786882983606,0.7791991233825684
216,-599.2310427561403,-1200.5889315186669,0.3386767948568688,0.7396981716156006
217,669.9156202800572,-731.4954897536377,0.33698341088258443,1.0691211223602295
218,676.9465663664043,-722.2149763576614,0.3352984938281715,0.9680323600769043
219,742.5131295859813,-720.7148663379552,0.33362200135903064,0.672896146774292
220,537.0777052953839,-712.5311752132252,0.33195389135223546,1.5808193683624268
221,631.964056313783,-702.1976279891583,0.3302941218954743,1.3197579383850098
222,659.4489220134914,-692.2681875499824,0.32864265128599696,1.1109814643859863
223,-470.3358809623867,-694.9960726314337,0.326999438029567,5.001730680465698
224,741.1509469382465,-666.9962235416956,0.3253644408394192,0.6531879901885986
225,718.4041869461537,-655.0286994878761,0.3237376186352221,0.6995377540588379
226,421.368632440269,-648.4489622450508,0.322118930542046,1.7039868831634521
227,531.1082342104986,-641.1455290855262,0.32050833588933575,1.7892301082611084
228,-98.98746018335225,-639.3610295278671,0.31890579420988907,0.6814470291137695
229,157.3645860865712,-635.6778524654636,0.3173112652388396,3.3236517906188965
230,578.4575357936322,-625.039484950518,0.3157247089126454,1.3012030124664307
231,-197.75841862559318,-623.3812357877846,0.3141460853680822,1.372988224029541
232,532.1233605012297,-615.8376267445366,0.3125753549412418,1.8396422863006592
233,732.7193178549409,-605.3472858039939,0.31101247816653554,0.7900645732879639
234,407.60708778873084,-598.5667223535755,0.30945741577570285,2.072859764099121
235,668.5686183586716,-590.5199770430008,0.3079101286968243,0.9267399311065674
236,740.7768792450428,-581.5194890087004,0.3063705780533402,0.7058496475219727
237,-251.40453583598136,-581.4819740809405,0.30483872516307353,1.53694748878479
238,512.8989961609244,-575.5082812299112,0.3033145315372582,1.8411664962768555
239,610.3731487922371,-568.4078857160339,0.3017979588795719,1.2853798866271973
240,-238.83580018710344,-568.3467075360564,0.30028896908517405,0.9886858463287354
241,-119.03774843215942,-564.0585613778233,0.2987875242397482,1.0364441871643066
242,582.2960829600692,-537.4339447789638,0.29729358661854943,1.4409453868865967
243,521.1481011673808,-529.7827681772874,0.29580711868545667,1.7388713359832764
244,-321.4950540516526,-530.1908192592391,0.2943280830920294,1.5475809574127197
245,569.4728708542883,-522.1049819997714,0.29285644267656924,1.4624617099761963
246,-182.77232838459312,-521.3795653548965,0.2913921604631864,1.3795368671417236
247,-229.46213167756795,-520.8814753953496,0.28993519966087045,1.6371536254882812
248,645.2620762191713,-512.6484313517565,0.2884855236625661,1.074669361114502
249,-278.79868729636075,-511.1628914550001,0.28704309604425327,1.1100962162017822
250,533.4284002192319,-397.46450572870094,0.285607880564032,1.8502106666564941
251,-354.6413587763906,-387.0669367025548,0.28417984116121187,0.979118824005127
252,-392.9224271498621,-388.27358118669486,0.2827589419554058,1.3095247745513916
253,-261.8113213129342,-385.54151990183976,0.28134514724562876,1.0695321559906006
254,-167.60919750332832,-380.0971289677972,0.2799384215094006,1.332092046737671
255,-176.25390691906213,-377.59058219728774,0.27853872940185365,1.6218724250793457
256,500.6206471070647,-369.61248294869233,0.27714603575484437,1.8202135562896729
257,-150.56991973370313,-369.2145520088168,0.2757603055760701,1.081488847732544
258,-239.9766012303531,-365.367024596622,0.2743815040481898,2.0300889015197754
259,548.3809398651123,-367.85930852561233,0.2730095965279488,1.8544929027557373
260,-152.32444231435656,-364.1628814810977,0.27164454854530906,1.1729097366333008
261,-292.6417658630759,-363.14526412883754,0.2702863258025825,1.749096155166626
262,549.6559017382563,-354.417787642393,0.2689348941735696,1.5880341529846191
263,-226.048252055794,-346.03656695282814,0.26759021970270175,1.5148158073425293
264,-281.9855247870088,-356.6305681564843,0.2662522686041882,1.197309970855713
265,-266.85439606234434,-354.5820489315407,0.2649210072611673,2.6980690956115723
266,-480.0627496749163,52.85861368336714,0.26359640222486147,2.7386300563812256
267,-303.8123257443309,65.55663113106972,0.26227842021373715,2.171790838241577
268,-134.12118484489622,67.51699668600222,0.2609670281126685,1.2014095783233643
269,-168.56949512586,74.37579911033622,0.25966219297210513,1.1798837184906006
270,-310.510945923999,75.29896616348998,0.2583638820072446,2.469762086868286
271,-235.78822741135954,78.14001594595611,0.2570720625972084,1.8122942447662354
272,-205.55583960041403,79.41979401006364,0.25578670228422234,1.0361285209655762
273,-336.4149880319834,76.16693857242166,0.25450776877280124,1.6657090187072754
274,-174.00531488507986,66.78454086971283,0.2532352299289372,1.4576733112335205
275,-283.78069949001076,66.71422866144776,0.2519690537792925,1.2462115287780762
276,-205.74033555611967,66.00974088241905,0.2507092085103961,1.0443854331970215
277,-325.14692356660964,64.59852418113127,0.2494556624678441,2.530770778656006
278,-331.6310582153499,62.63363774257527,0.24820838415550486,1.7696688175201416
279,-396.7917906627059,61.38147548007592,0.24696734223472733,1.6540415287017822
280,-326.99364821091297,61.32313032823429,0.2457325055235537,2.2669646739959717
281,-308.64870035499337,61.73149261112884,0.24450384299593592,1.886141300201416
282,-256.39519321583214,60.902102377392346,0.24328132378095624,2.0581576824188232
283,-321.8826048322022,60.6994510051012,0.24206491716205145,2.0603370666503906
284,-196.5301377609372,61.66661976130306,0.2408545925762412,1.4392149448394775
285,-196.71885643750431,64.23282703558355,0.23965031961336,1.2146906852722168
286,-217.49232432469725,63.53908376454562,0.2384520680152932,3.011129856109619
287,-378.8026607198641,62.85513455089369,0.23725980767521673,1.8311946392059326
288,-292.1043871961534,63.82270229581931,0.23607350863684065,1.425098180770874
289,-207.1122201628983,64.88110152099469,0.23489314109365644,3.1042819023132324
290,469.608883497864,70.60664899759182,0.23371867538818816,2.536849021911621
291,-305.01707020998003,69.29839846999386,0.23255008201124722,1.2119195461273193
292,-242.3323107421398,68.9260827347357,0.231387331601191,2.1559524536132812
293,-465.8532025948167,65.81909745589832,0.23023039494318503,2.827045202255249
294,-410.39899725224825,63.02935993140564,0.2290792429684691,2.6642866134643555
295,391.7299533501267,69.2371913191937,0.22793384675362674,2.674523115158081
296,-442.3125133741647,67.82623869401218,0.22679417751985861,2.3579609394073486
297,-211.03498055078092,66.88504797260836,0.22566020663225933,2.803354263305664
298,-245.45800925455987,67.53869688180833,0.22453190559909803,2.852144241333008
299,497.6745969388634,74.26956652622297,0.22340924607110255,2.0081605911254883
300,-288.38496596962216,74.10269247066603,0.22229219984074702,2.5954697132110596
301,-335.02352745682003,63.83699546117708,0.2211807388415433,2.5423130989074707
302,-356.5951607473195,52.79192843556777,0.22007483514733558,2.8226239681243896
303,552.5818487346172,60.6702333897762,0.2189744609715989,1.9252886772155762
304,-395.8909229397774,49.42912910741195,0.2178795886667409,2.5231032371520996
305,317.4844991058111,46.410596465740355,0.2167901907234072,3.2244961261749268
306,-289.0164431728423,35.57913493090498,0.21570623976979014,3.2960054874420166
307,-284.7148358508945,30.555363538060366,0.21462770857094118,3.308422327041626
308,-253.38014743961395,31.893678175658014,0.21355457002808648,2.485182046890259
309,302.41042063906787,29.3907202992216,0.21248679717794605,2.869321346282959
310,-307.2968880712986,27.386078047826913,0.21142436319205632,2.87158465385437
311,-459.18390449732544,24.363309996984928,0.21036724137609603,3.1117825508117676
312,-294.9026949800551,23.39837302011254,0.20931540516921554,2.8807239532470703
313,-210.3483195334673,13.193059517592213,0.20826882814336947,3.340592384338379
314,191.97496145367623,7.963779446519928,0.20722748400265262,3.7912757396698
315,316.7411816675216,4.177431878019141,0.20619134658263935,2.923241376876831
316,-521.9278432209045,4.950463873371499,0.20516038984972615,3.380586862564087
317,218.7099811758846,0.4384074823297698,0.2041345879004775,3.1511473655700684
318,173.95910566449163,-4.591467124689367,0.2031139149609751,2.936337947845459
319,225.04101694151757,-9.766188251134015,0.20209834538617025,2.9306697845458984
320,401.8290752187371,-11.118674551900476,0.2010878536592394,2.617311716079712
321,-450.5628113470972,-21.943943228509273,0.2000824143909432,2.712275981903076
322,355.60189020782707,-24.982413546565923,0.19908200231898848,2.616720676422119
323,-3795.2948135122656,-58.23200287206471,0.19808659230739353,4.931481599807739
324,382.25242414101956,-61.82098810003699,0.19709615934585656,2.5706534385681152
325,-1617.3945057712494,-85.17897502721102,0.19611067854912728,4.909537076950073
326,-654.0512697644532,-95.93317404925826,0.19513012515638165,4.8888092041015625
327,-361.0277023356408,-104.85453341471967,0.19415447453059972,2.9952313899993896
328,-1990.1585596431046,-123.76624440931718,0.19318370215794672,5.028875827789307
329,-1701.0797790907322,-142.3506880610902,0.192217783647157,4.989338159561157
330,-2006.3155408214777,-168.19841882724128,0.1912566947289212,5.000268220901489
331,-2749.4235254734754,-193.71506989572012,0.1903004112552766,4.999543905258179
332,-2694.8106373850255,-225.98440987458267,0.18934890919900021,4.9522545337677
333,-3639.5388688102366,-269.7069917412344,0.18840216465300522,4.979560136795044
334,-5262.683146922291,-326.4098940883446,0.18746015382974018,4.970884799957275
335,-330.3994842734188,-336.3995751146656,0.1865228530605915,2.5021421909332275
336,-303.57997028380635,-346.843143609954,0.18559023879528855,2.9736175537109375
337,-4321.647745817155,-387.5455757097658,0.1846622876013121,4.9474217891693115
338,-389.39063614159824,-396.568472032791,0.18373897616330553,2.8894567489624023
339,-3774.285105328262,-440.4150545739961,0.182820281282489,4.953648328781128
340,-2219.631894459389,-460.22301551671893,0.18190617987607657,4.9302449226379395
341,-6232.577191584185,-521.3584099482391,0.18099664897669618,4.98012900352478
342,-705.9641536217183,-534.241012314057,0.1800916657318127,4.99850869178772
343,-2484.9415859378873,-564.3019091851096,0.17919120740315364,4.956912517547607
344,-2426.4299362163993,-585.3512580067572,0.17829525136613786,5.04743504524231
345,-1888.4765465971082,-609.930752181271,0.17740377510930716,5.090609312057495
346,-1089.3864930825307,-618.9968938282504,0.17651675623376062,5.083907127380371
347,-714.754416103661,-623.8498166725113,0.1756341724525918,5.072200536727905
348,-1127.4144465060904,-641.576581899764,0.17475600159032884,4.982705116271973
349,-1191.4471822021528,-650.7030668488219,0.17388222158237718,4.981455326080322
350,-790.7906887609512,-663.9452577386239,0.1730128104744653,4.924069404602051
351,-1001.5015020802617,-670.4138591716625,0.17214774642209296,4.953567743301392
352,-1083.2421006524935,-677.3170559066889,0.1712870076899825,4.9282145500183105
353,-995.482079815492,-684.6537634917145,0.17043057265153258,4.97583794593811
354,-180.34587528780094,-684.7811302695594,0.16957841978827493,0.2514669895172119
355,-608.0136978248134,-689.0987281786169,0.16873052768933355,4.945685625076294
356,-560.6484946966171,-699.7114195966537,0.1678868750508869,4.9079203605651855
357,-875.113779531978,-706.9568581946364,0.16704744067563246,4.970853567123413
358,-639.8326946258545,-710.9554191285914,0.1662122034722543,4.969358444213867
359,-536.9107655318454,-721.808336182561,0.16538114245489302,4.98784065246582
360,-515.9647121256218,-725.4447388806736,0.16455423674261854,4.926848649978638
361,-278.9412240575999,-725.3077334626191,0.16373146555890544,2.8620598316192627
362,-404.5770442582667,-734.8500629225841,0.16291280823111093,3.4235119819641113
363,-361.6919134654105,-736.2064995366803,0.16209824418995536,4.0674309730529785
364,-239.1407991744578,-735.7780522805548,0.16128775296900558,4.907959461212158
365,-291.52320643365385,-736.024740384268,0.16048131420416054,2.0121989250183105
366,-291.26502890735867,-734.1367631765924,0.15967890763313974,2.3454012870788574
367,-407.0940799381584,-735.1695807185306,0.15888051309497406,2.2583208084106445
368,-317.6806817263365,-737.0051756873451,0.1580861105294992,2.6208674907684326
369,-482.4001019217074,-740.1434817553034,0.1572956799768517,3.9015753269195557
370,-442.3523179315031,-741.4618954753784,0.15650920157696743,3.749821662902832
371,-303.5829201586545,-742.1398424028514,0.1557266555690826,2.616774559020996
372,-432.4036639846861,-744.408320646694,0.1549480222912372,2.368983507156372
373,-311.9182648383081,-744.1633534147575,0.15417328217978102,3.2131710052490234
374,-303.5566132873297,-745.45886639878,0.1534024157688821,2.6711995601654053
375,-354.3097294405103,-746.164156698285,0.1526354036900377,4.805578947067261
376,-473.59460285902026,-748.8426993713141,0.1518722266715875,4.034561634063721
377,-310.8870713658631,-748.7001008493066,0.15111286553822956,2.516775369644165
378,-724.8761869791895,-752.6325521369449,0.15035730121053842,4.947115659713745
379,-621.7886836279183,-754.882521066597,0.14960551470448571,4.194965124130249
380,-778.3383611164987,-759.3959681956528,0.14885748713096328,3.4026739597320557
381,-228.76874598432332,-758.5971686519462,0.14811319969530845,4.981714248657227
382,-189.2422581654042,-757.925639301442,0.1473726336968319,4.93102240562439
383,-225.15205837432296,-756.9583338368631,0.14663577052834775,4.9289140701293945
384,-357.4847848773003,-758.5678803080267,0.14590259167570602,2.6729748249053955
385,-162.17205230630935,-758.2224122667146,0.1451730787173275,4.958549737930298
386,-237.03196707591414,-758.4178086942269,0.14444721332374086,4.985875368118286
387,-416.3653273649514,-758.7934353606778,0.14372497725712216,3.156844139099121
388,-188.20391713678836,-757.7544306600842,0.14300635237083656,4.931854963302612
389,-178.73999178353696,-757.4707083762904,0.14229132060898236,4.952700138092041
390,-294.60021361652764,-765.1127993474345,0.14157986400593744,4.943429470062256
391,-262.9018421912566,-764.6916470672472,0.14087196468590776,4.95543360710144
392,-239.29026689790192,-764.6612266288049,0.14016760486247823,4.92772364616394
393,-616.8618023760616,-766.1713126266172,0.13946676683816583,2.6300759315490723
394,-379.45180772654714,-765.8618407313603,0.138769433003975,4.9600512981414795
395,-371.1326886072755,-773.4904671509343,0.13807558583895513,4.919406890869141
396,381.43063660413026,-765.2530356511513,0.13738520790976036,2.1880087852478027
397,495.29338760264216,-758.1897519696171,0.13669828187021155,1.7734413146972656
398,599.9305659882724,-749.7358662171887,0.13601479046086049,1.4169838428497314
399,542.0882394123822,-749.2917297924536,0.1353347165085562,1.5044610500335693
400,388.8383315593004,-742.5194968171645,0.1346580429260134,2.399517059326172
401,-477.46884955409917,-743.9439500381372,0.13398475271138335,2.871103286743164
402,-290.63821799345317,-743.2843806105986,0.13331482894782642,1.808945894241333
403,522.5092413563282,-743.5851066843815,0.13264825480308728,1.646545648574829
404,-203.87899194583298,-741.664987374442,0.13198501352907185,4.989033460617065
405,570.2404198884964,-739.1374281666151,0.1313250884614265,1.545809268951416
406,567.4026967488229,-730.5732367673985,0.13066846301911936,1.6016528606414795
407,576.5515682246536,-721.960572726643,0.13001512070402377,1.4726104736328125
408,522.8182920895517,-714.1985883313514,0.12936504510050365,1.761028528213501
409,540.875398606807,-711.8139385516739,0.12871821987500112,1.7676239013671875
410,574.7670732259751,-702.9932989387012,0.12807462877562611,1.4683334827423096
411,131.14915376119313,-697.0899683561161,0.12743425563174798,2.7765581607818604
412,513.9441343821585,-689.0015000624938,0.12679708435358925,1.9428153038024902
413,-408.59522231891754,-690.9839690903484,0.1261630989318213,3.074652910232544
414,581.2908847048878,-687.0908098578362,0.1255322834371622,1.4266331195831299
415,-152.4639348715544,-691.782861023227,0.12490462201997637,1.0983681678771973
416,606.7610928684473,-680.4959716623334,0.1242800989098765,1.443152666091919
417,650.4645287960768,-676.1784261861316,0.12365869841532712,1.094026803970337
418,691.9682150498032,-670.9983350922785,0.12304040492325048,1.0655570030212402
419,616.5643431931734,-667.0831018297619,0.12242520289863423,1.1795856952667236
420,-353.1411771014333,-674.6328043529637,0.12181307688414106,1.2811048030853271
421,-541.0837963979691,-675.5380142034724,0.12120401149972035,2.8823657035827637
422,-119.0144838117063,-680.2841779436677,0.12059799144222175,1.2318840026855469
423,608.5385195367038,-636.2458446131778,0.11999500148501063,1.33158278465271
424,-575.6202113062143,-645.8245709676502,0.11939502647758558,1.1065926551818848
425,-176.15708079487086,-631.4121967178864,0.11879805134519765,1.1595232486724854
426,511.65466433912513,-619.7551373768506,0.11820406108847166,1.8718197345733643
427,-197.77792431265115,-618.1226395966207,0.1176130407830293,1.3274765014648438
428,652.1621696479618,-591.69943230371,0.11702497557911415,0.9616184234619141
429,661.9069831945002,-568.0695646808576,0.11643985070121858,0.9542405605316162
430,-271.35875335261227,-550.719996806169,0.11585765144771248,1.2173190116882324
431,658.1568240240216,-516.6441933111942,0.11527836319047392,1.1195356845855713
432,-228.58501338809728,-491.98193707122476,0.11470197137452155,1.2649588584899902
433,602.0773822493851,-449.56577456062854,0.11412846151764894,1.385141134262085
434,-401.1324737325311,-400.95026782873094,0.1135578192100607,1.5149564743041992
435,691.8860297180712,-390.72741268881606,0.11299003011401039,0.958489179611206
436,628.8541434124112,-381.4030715518539,0.11242507996344034,1.3557167053222656
437,-221.30731337741017,-340.39966722745646,0.11186295456362313,1.2580113410949707
438,-234.64625532850624,-338.8522234193255,0.11130363979080501,1.272540807723999
439,-178.07784592583775,-302.8901508253012,0.11074712159185099,1.2535431385040283
440,-290.47939022481444,-283.5986257829555,0.11019338598389174,1.3361594676971436
441,-399.6346796475351,-225.26920066358892,0.10964241905397228,1.133378267288208
442,632.8836716011167,-211.88072241136055,0.10909420695870241,1.3102078437805176
443,646.0010143496096,-180.57129640848558,0.1085487359239089,1.1243011951446533
444,-374.8373100042343,-160.05537014636394,0.10800599224428936,1.004805564880371
445,609.8842969365418,-135.07176171102742,0.10746596228306791,1.3090927600860596
446,-233.0754961170256,-126.50865174137239,0.10692863247165257,1.5997602939605713
447,637.0105198040604,-112.99100238229518,0.1063939893092943,1.2829220294952393
448,-306.2223297610879,-104.77908121484515,0.10586201936274783,1.5175139904022217
449,645.7667132742703,-86.40694226008092,0.10533270926593409,1.1070358753204346
450,599.109397635609,-72.50794139611531,0.10480604571960442,1.4085099697113037
451,612.3215444542468,-56.36971093077026,0.1042820154910064,1.2458059787750244
452,607.6199324332177,-39.46109059991315,0.10376060541355137,1.5385279655456543
453,592.4011973746121,-23.582257828012096,0.1032418023864836,1.3399579524993896
454,627.2940710872412,-15.505858364261671,0.10272559337455119,1.2283220291137695
455,611.9061778753996,-3.3066596072595407,0.10221196540767843,1.4731194972991943
456,597.6557537324727,8.276382877031347,0.10170090558064004,1.3472576141357422
457,-226.04394103437662,14.767081262007357,0.10119240105273684,1.3024098873138428
458,-391.21608679667116,17.253247340299186,0.10068643904747315,1.3311970233917236
459,642.4068456679582,29.046423452297223,0.10018300685223579,1.1511032581329346
460,641.8054777882993,40.62412535143643,0.0996820918179746,1.2328016757965088
461,611.5376901380718,49.52891449339314,0.09918368135888474,1.3961992263793945
462,-272.61600598916414,50.84852487608416,0.09868776295209031,1.5830249786376953
463,-337.3562276236713,51.09188173450155,0.09819432413732986,1.6779718399047852
464,-205.62227091491218,51.42706701709701,0.09770335251664321,1.165637731552124
465,-333.166415630281,51.01063492513074,0.09721483575406,1.8436717987060547
466,-177.83268362134694,52.144958377990854,0.09672876157528969,1.322815179824829
467,-310.2195596985519,53.113703580386925,0.09624511776741324,1.5708327293395996
468,644.7151631169021,62.737662028819315,0.09576389217857617,1.1992225646972656
469,-327.2407443627715,64.28925560440867,0.09528507271768329,1.6082103252410889
470,-322.3588413693011,65.48919037003068,0.09480864735409487,3.057886838912964
471,-670.1090312063694,61.823929259553545,0.0943346041173244,1.5473086833953857
472,-200.4838184401393,64.14312771499903,0.09386293109673778,1.4007411003112793
473,-234.86783693954348,64.91363199398666,0.09339361644125409,1.5987277030944824
474,-569.5495312485843,62.25370281437411,0.09292664835904782,3.41243839263916
475,-86817.35217824132,-802.3767216736338,0.09246201511725258,4.934399843215942
476,632.3903836093843,-791.3168718089499,0.09199970504166631,1.2165501117706299
477,-298.7051671512425,-791.1950527668037,0.09153970651645797,1.3733510971069336
478,601.401408110559,-777.9322768159062,0.09108200798387568,1.5108447074890137
479,-425.37253681309517,-775.9681153477582,0.0906265979439563,4.976748704910278
480,-264.23448982685807,-770.8270766348619,0.09017346495423652,4.972353458404541
481,-319.5100109662861,-771.7344892846813,0.08972259762946533,4.938234090805054
482,-308.09224985651673,-772.9229892015926,0.089273984641318,4.911818504333496
483,-85.56999716088171,-771.5271685894581,0.0888276147181114,1.2371189594268799
484,-99.67885503396391,-768.9491092910248,0.08838347664452084,1.5129611492156982
485,-264.06578685194245,-769.9680466364811,0.08794155926129824,0.6645193099975586
486,-404.42458261121067,-771.6419727918342,0.08750185146499175,4.944921016693115
487,-417.6651766508818,-771.6549712846936,0.08706434220766679,4.929776668548584
488,-288.14977984428407,-772.6544299117684,0.08662902049662846,1.716459035873413
489,-304.3063237156719,-773.9100932310897,0.08619587539414532,2.1573545932769775
490,-209.46142905056476,-773.0587053854301,0.08576489601717459,1.8027236461639404
491,645.3835164994001,-763.9758517985236,0.08533607153708872,1.2080678939819336
492,-453.9171998269858,-766.1221211278144,0.08490939117940327,1.1701390743255615
493,-370.1612564943731,-763.6551156689975,0.08448484422350626,0.9236447811126709
494,-532.4289319917559,-765.1848869116495,0.08406242000238873,4.900901794433594
495,-280.5715848982334,-764.2792758745593,0.08364210790237678,1.891848087310791
496,-485.9420685119927,-772.9530029257204,0.0832238973628649,1.5775249004364014
497,-406.2447412837297,-781.968384214584,0.08280777787605056,1.765418529510498
498,-1913.1573573417963,-807.0992634478847,0.08239373898667031,4.925281763076782
499,-308.37387426607313,-815.6038845846695,0.08198177029173696,4.981348991394043
500,-298.6185897983611,-822.478453798246,0.08157186144027828,4.9984564781188965
501,-326.90806680582466,-820.9728459707633,0.0811640021330769,4.963939905166626
502,-279.65341071076693,-820.8629978979365,0.08075818212241151,1.5772960186004639
503,-204.12400677353145,-828.1293303792351,0.08035439121179945,1.6821839809417725
504,-297.0063769567758,-829.0606042293444,0.07995261925574046,1.8534424304962158
505,-268.0674928747118,-837.4436833569765,0.07955285615946175,1.4762623310089111
506,-462.0232141532004,-847.7379424659968,0.07915509187866444,4.931423664093018
507,-163.29369460716845,-855.1363950943149,0.07875931641927113,1.3330128192901611
508,-540.0761795848608,-865.7653398110591,0.07836551983717477,1.9833619594573975
509,-409.824241912365,-875.2723362162509,0.07797369223798889,2.586430549621582
510,-201.4056924417615,-883.0340638729282,0.07758382377679894,1.2592761516571045
511,-355.4900088220835,-887.9004554987612,0.07719590465791494,1.9294793605804443
512,684.6596124477685,-886.193300718105,0.07680992513462537,0.8902466297149658
513,-89.16780719086528,-882.9990265668245,0.07642587550895225,4.958496570587158
514,-396.86606025993825,-892.7805960164727,0.07604374613140748,3.6765809059143066
515,-480.32800580486656,-896.0592367258058,0.07566352740075044,1.3268709182739258
516,436.03145145401356,-897.7665331399502,0.07528520976374668,2.059025764465332
517,-401.0347583279014,-908.28152601119,0.07490878371492794,3.12257981300354
518,-245.63388865292075,-917.6575470482172,0.0745342397963533,4.942427158355713
519,-554.6379617864266,-929.3695700980132,0.07416156859737154,4.678285837173462
520,-234.86685830652715,-928.1868269100642,0.07379076075438468,4.9603660106658936
521,-186.0056900598109,-924.6360458466826,0.07342180695061275,4.955092430114746
522,-233.75035316348075,-925.7834045402003,0.07305469791585968,4.904737949371338
523,655.4708089917898,-925.3140816456494,0.07268942442628039,1.1900873184204102
524,-221.21463322490453,-921.7700258648364,0.07232597730414898,4.927812099456787
525,-235.3008148934692,-922.3614632058224,0.07196434741762824,4.91513991355896
526,-213.28703127652406,-929.6108801619789,0.0716045256805401,1.3453571796417236
527,-341.75166835933925,-931.0506176024458,0.0712465030521374,4.304079294204712
528,630.4556407086551,-931.2676828918388,0.0708902705368767,1.4055590629577637
529,-306.3247107177973,-940.9499998309617,0.07053581918419231,3.258040189743042
530,-251.31399209164084,-940.749552218352,0.07018314008827135,4.896687269210815
531,-358.80964017771186,-950.9192168603694,0.06983222438783,4.912966966629028
532,-230.20687758028507,-950.9354355022912,0.06948306326589085,4.907128572463989
533,-268.8321051033214,-959.6445303758182,0.0691356479495614,4.904234170913696
534,-298.58730801045897,-958.6190787185976,0.06878996970981359,4.920657396316528
535,-237.56061040554198,-967.9135451198339,0.06844601986126451,4.960066318511963
536,-235.32644810378554,-976.5553510349959,0.06810378976195819,4.9436938762664795
537,-319.8174602057785,-977.5404525032795,0.0677632708131484,4.928844213485718
538,-364.48187168166044,-978.8388086668109,0.06742445445908266,3.116050958633423
539,-252.1352073609829,-979.5793822811626,0.06708733218678724,2.149240016937256
540,-268.6688260756433,-979.3612766396707,0.0667518955258533,1.6333205699920654
541,-327.6734885744751,-978.6416647289402,0.06641813604822402,4.923399925231934
542,-243.99572490379217,-987.4104586939892,0.0660860453679829,4.95017147064209
543,-119.89862159863117,-995.0694550534718,0.06575561514114299,1.6323063373565674
544,-6227.08790255636,-1053.5919609789928,0.06542683706543727,4.88201379776001
545,-143.38592658415436,-1061.1246632142,0.06509970288011008,1.3652210235595703
546,-423.42626863569023,-1063.0281709393864,0.06477420436570952,4.192241191864014
547,-263.8197738494724,-1072.0364738759217,0.06445033334388098,4.908451795578003
548,-230.33046272620558,-1071.277555205573,0.06412808167716157,4.910625696182251
549,-221.9221152825281,-1079.954443491141,0.06380744126877576,4.911235809326172
550,-563.2174796372652,-1091.5777122638697,0.06348840406243188,4.224168062210083
551,524.0870839223265,-1092.460056869189,0.06317096204211972,1.8618144989013672
552,627.1528432570398,-1092.2647277609508,0.06285510723190912,1.3581781387329102
553,663.0027149036526,-1091.5587125856605,0.06254083169574957,1.0860676765441895
554,-685.1583560362458,-1104.6832368568953,0.062228127537270826,4.36961817741394
555,-165.37250699326395,-1112.4560237055819,0.06191698689958447,1.2271506786346436
556,-241.39380945563317,-1120.846519337463,0.061607401965086545,4.986895799636841
557,-173.2075407907367,-1120.3181553350264,0.06129936495526111,1.428229808807373
558,469.1794590063393,-1111.7141998769964,0.0609928681304848,2.0101993083953857
559,631.2462673462927,-1111.825805660213,0.060687903789832374,1.2029283046722412
560,638.541170501709,-1111.858448733079,0.06038446427088321,1.1504309177398682
561,458.72001329958437,-1113.386625501464,0.06008254194952879,2.2623229026794434
562,583.5185148656368,-1104.825280292916,0.05978212923978115,1.431056022644043
563,-304.7522320136428,-1104.4992403368158,0.05948321859358224,4.976319313049316
564,-223.60750980526208,-1104.6790927257193,0.05918580250061433,1.7723650932312012
565,-216.3041478648782,-1103.5104700480651,0.058889873488111255,2.1795997619628906
566,590.1904552258551,-1095.830238659593,0.058595424120670696,1.456603765487671
567,538.1205717097968,-1087.3468373455098,0.05830244700006734,1.6703851222991943
568,-436.6849863998592,-1098.1608388406773,0.058010934765067,2.3761274814605713
569,-183.62990181744098,-1096.724730415224,0.05772088009124167,4.955373287200928
570,541.0181511089206,-1088.0909604904418,0.05743227569078546,1.9795777797698975
571,-378.5779181934893,-1085.175649360313,0.05714511431233153,1.9315216541290283
572,-453.9019572645426,-1087.709830748557,0.05685938874076987,1.2673637866973877
573,620.6562898397445,-1079.1545894807641,0.056575091797066025,1.4416320323944092
574,579.5689178980887,-1067.6634049892973,0.056292216338080694,1.499730110168457
575,507.51986723840236,-194.4146845344994,0.05601075525639029,1.9207775592803955
576,321.715409341827,-197.52143427717496,0.05573070148010834,3.0286386013031006
577,549.5570945158601,-189.03881166050397,0.0554520479727078,1.7913875579833984
578,-303.3878992520273,-198.08670473412977,0.05517478773284426,2.481199264526367
579,-300.1326702818275,-196.83430606881714,0.05489891379418004,1.625845193862915
580,-862.2338324323296,-202.81429949487182,0.05462441922520914,0.2534017562866211
581,-433.02658146843316,-203.94946519989333,0.0543512971290831,0.7108514308929443
582,-293.30595612451435,-203.80160226257328,0.05407954064343768,1.6879489421844482
583,-284.21447411030533,-205.7880470320675,0.05380914294022049,2.091784954071045
584,581.8623942868784,-198.9726345388591,0.05354009722551939,1.5332932472229004
585,-214.98272937759756,-198.48180396411564,0.05327239673939179,1.548577070236206
586,-255.76107903420925,-196.99516892834563,0.053006034755694834,1.5850903987884521
587,-175.49826295152306,-194.57349979135205,0.052741004581916356,1.7480673789978027
588,-198.6963403508067,-193.6789653964173,0.052477299559006776,1.7076382637023926
589,-305.36754144579174,-193.68957757371848,0.052214913061211746,4.908990859985352
590,-261.36446776464584,-194.20860796085927,0.05195383849590569,1.583113431930542
591,-226.51998824477195,-202.92764300830103,0.05169406930342616,2.0797836780548096
592,-453.4348275952041,-202.92281928598317,0.05143559895690903,2.359208345413208
593,-584.9399478763341,-205.07060619980282,0.051178420962124486,4.9405083656311035
594,-368.0229768123478,-203.4265466480087,0.05092252885731386,2.5115292072296143
595,-266.8217291854322,-203.28904809088073,0.05066791621302729,2.4869863986968994
596,100.12355767711998,-197.4283918289896,0.05041457663196215,3.9035112857818604
597,-292.95789253748956,-196.2955233415272,0.050162503748802344,2.4246325492858887
598,-355.7158768385649,-180.72110853649482,0.05,1.6846239566802979
599,-5978.441808106751,-237.42178787490164,0.05,4.9034905433654785
600,-218.8292421720922,-236.62389439863895,0.05,1.9423911571502686
601,-249.8610697504133,-235.85342442808485,0.05,2.5537900924682617
602,-500.17395854219797,-238.05862990639915,0.05,4.968102931976318
603,-311.8536417320371,-239.13592625598415,0.05,4.970982789993286
604,-159.46819168925285,-237.76054440330896,0.05,4.946887969970703
605,-442.1506749041379,-239.50137622360322,0.05,4.921339750289917
606,-566.259186668694,-240.54373594875815,0.05,1.953305721282959
607,499.84324684143064,-233.91236653427214,0.05,1.8413703441619873
608,-424.7934808827937,-232.75953954725148,0.05,2.1149775981903076
609,565.9276064537465,-223.00202106359038,0.05,1.4279861450195312
610,414.72372682914136,-216.84072687088133,0.05,2.5781896114349365
611,-239.26280359216034,-215.67845481858214,0.05,2.5315935611724854
612,-359.7933581903577,-226.12298452496339,0.05,2.813187599182129
613,-206.84658819660544,-227.29977233502083,0.05,1.943603277206421
614,573.9207930654287,-217.5919038017671,0.05,1.495197057723999
615,-364.22844480201604,-216.43090819173864,0.05,2.6694400310516357
616,-168.82199714258314,-222.4794426777046,0.05,1.2717816829681396
617,-451.0716452844441,-222.97981154727003,0.05,3.987032651901245
618,612.6938528992235,-214.39653413174858,0.05,1.5855371952056885
619,-388.14139691852034,-212.73156848306954,0.05,2.011049270629883
620,-413.645509365201,-214.5193549936563,0.05,1.6861295700073242
621,-356.1775476060808,-216.22107356911897,0.05,1.9696636199951172
622,-533.4072538439184,-219.21764257592338,0.05,3.0502445697784424
623,-378.1330229185522,-229.5536808950268,0.05,4.905905246734619
624,-282.14071642272177,-230.16294172700495,0.05,4.962284088134766
625,-887.7521561555563,-236.68745513962583,0.05,2.7291085720062256
626,-113.9861322812736,-235.69444614967333,0.05,4.959182977676392
627,-84.14550734907388,-233.11838453957066,0.05,4.91941237449646
628,-285.034457404539,-242.2732855207026,0.05,4.9222331047058105
629,-158.67388029694558,-240.7967772164941,0.05,4.976130485534668
630,-537.8285513542593,-243.66192280912026,0.05,4.925244569778442
631,-406.900283074379,-244.14282923808696,0.05,4.911248683929443
632,-187.93925007656216,-243.72015296304974,0.05,1.7653019428253174
633,-229.6386937558651,-243.32821884957514,0.05,4.9282448291778564
634,-215.1320149268955,-242.4936659187395,0.05,4.931474447250366
635,-73.57987122833728,-240.85385852696746,0.05,4.922775030136108
636,-471.9231956444681,-243.21982600237428,0.05,2.592609167098999
637,434.09856344163416,-235.68066576590016,0.05,2.184506893157959
638,497.1508713789284,-227.06433833529428,0.05,2.090278387069702
639,-400.9940996602178,-228.55292725828662,0.05,2.259376287460327
640,463.3982454627752,-221.23225654290243,0.05,2.091963768005371
641,651.1813259363174,-211.4437083977945,0.05,1.0618314743041992
642,590.7609753921628,-203.09614139483494,0.05,1.4292588233947754
643,618.5847092472017,-195.71130808637662,0.05,1.441040277481079
644,-164.32114765644073,-135.08364053737748,0.05,1.4124233722686768
645,4.5039459761232195,-133.60474181177472,0.05,4.971012592315674
646,511.5900610886514,-124.25457851453127,0.05,1.8553309440612793
647,613.1749160528183,-115.48463161550836,0.05,1.347550630569458
648,508.2737972900271,-108.09858901534604,0.05,1.9867210388183594
649,428.7391562402248,-101.59197630011852,0.05,2.5037827491760254
650,581.7509505316615,-90.14229199842924,0.05,1.6395087242126465
651,522.4659419186413,-90.15850341846611,0.05,1.876777172088623
652,625.2852665647864,-90.17717918538865,0.05,1.229752540588379
653,607.0356909014284,-90.7368494254109,0.05,1.289506196975708
654,570.0336155422032,-78.18492970962642,0.05,1.494231939315796
655,594.2370105102658,-70.58883453459111,0.05,1.4075846672058105
656,586.6312142625451,-62.308584297409325,0.05,1.5663559436798096
657,534.2622776865959,-55.23388611263599,0.05,1.8323533535003662
658,587.2507355451584,-54.0531733472478,0.05,1.7272889614105225
659,576.0453234702348,-54.60518278600839,0.05,1.5318965911865234
660,-263.923710706085,-63.62983159808633,0.05,1.1073124408721924
661,632.0298710808158,-61.89673302027401,0.05,1.2789387702941895
662,559.8095897041261,-62.13382227188912,0.05,1.629603624343872
663,473.22472094893453,-54.35405274226335,0.05,2.3145484924316406
664,461.6875845953822,-47.5011017982569,0.05,2.2810394763946533
665,391.8685225460678,-41.41937509414745,0.05,2.6781115531921387
666,535.9403669402003,-41.96187597700399,0.05,1.9256181716918945
667,596.9463844232262,-41.373617849869696,0.05,1.3978769779205322
668,566.371192676574,-31.34305605910536,0.05,1.8062090873718262
669,587.1971172258258,-23.634785868672697,0.05,1.5882701873779297
670,583.8594654142856,-23.206372725619033,0.05,1.5726349353790283
671,-970.6482739012688,-29.127076282696834,0.05,4.984960556030273
672,477.92262115478513,-19.808830498503553,0.05,1.9805760383605957
673,644.6203678116202,-19.569189718784802,0.05,1.1647217273712158
674,574.486032434553,-19.620018573420154,0.05,1.4438459873199463
675,101.90088476389647,-23.676208398165212,0.05,4.290066242218018
676,525.1564715109765,-21.641797776473712,0.05,1.8816215991973877
677,-205.310198674351,-29.190470708375827,0.05,4.0337677001953125
678,-551.3450876086949,-31.67004259194251,0.05,0.1813361644744873
679,-1120.3054380372166,-39.871770269496395,0.05,0.2547779083251953
680,-54.322731400281185,-31.79265925917592,0.05,5.020552396774292
681,445.46658394001423,-23.007727605091446,0.05,2.250930070877075
682,-300.98742824271324,-23.08454232627344,0.05,5.0587239265441895
683,507.5111390814185,-15.167286194356207,0.05,1.9311637878417969
684,504.6136132381856,-15.939774004843134,0.05,2.186063051223755
685,525.3228090234101,-8.536718620833055,0.05,1.884284496307373
686,572.2207419477403,-0.25690041101355066,0.05,1.5129730701446533
687,619.7770663030445,7.695852881532123,0.05,1.2934539318084717
688,548.6532660245896,15.169348945286087,0.05,1.8178324699401855
689,-254.6395545195788,15.676628814548216,0.05,1.6333544254302979
690,317.08886028602717,21.461162095054952,0.05,3.1254541873931885
691,-256.61860129088166,21.16017596459385,0.05,1.58394455909729
692,645.266539335996,32.14718963390587,0.05,1.2960379123687744
693,515.5262300722301,43.15185141339148,0.05,1.9836032390594482
694,626.210868628323,53.09418986779821,0.05,1.356302261352539
695,-259.4791818544269,53.16761534110824,0.05,1.1280605792999268
696,442.6589142397046,56.59296890673409,0.05,2.560680866241455
697,541.5450294703245,64.93799812681223,0.05,1.905585765838623
698,574.6220638245344,74.24137753344323,0.05,1.5940265655517578
699,-154.02119823843242,132.48558363212646,0.05,1.8157103061676025
700,584.6803541626781,140.52067959547415,0.05,1.7252414226531982
701,556.061166999489,148.57990196297317,0.05,1.889068365097046
702,604.1851988114416,159.62349353650959,0.05,1.701859474182129
703,618.2642307892442,168.92467226172238,0.05,1.5455012321472168
704,613.50764933303,176.65443067194522,0.05,1.3659582138061523
705,-170.06566700637342,179.3752807509229,0.05,1.5380113124847412
706,654.7968930244446,191.5858415478543,0.05,1.2595434188842773
707,592.0263761110604,192.50767284055058,0.05,1.492598533630371
708,639.4726979933679,203.15033462931223,0.05,1.2842600345611572
